<application>
  <component name="ProjectManager">
    <defaultProject>
      <component name="PropertiesComponent"><![CDATA[{
  "keyToString": {
    "settings.editor.selected.configurable": "configurable.group.language"
  }
}]]></component>
      <component name="WindowStateProjectService">
        <state x="-1917" y="504" key="SettingsEditor" timestamp="1747140800475">
          <screen x="-2560" y="25" width="2560" height="1415" />
        </state>
        <state x="-1917" y="504" key="SettingsEditor/-2560.25.2560.1415/0.25.2560.1415" timestamp="1747140800475" />
      </component>
    </defaultProject>
  </component>
</application>